{
    "xgb_train_r2": 0.7282260011352971,
    "xgb_test_r2": 0.7072438342334194,
    "rf_train_r2": 0.8736421527972715,
    "rf_test_r2": 0.6641639816471147
}